undef	undef	CS:  <ERR> <NUL> 	wsj_1927.final.streex##27.a_tree-en_src-s27-n699	their	EN:  <POS>	wsj_1927.final.streex##27.a_tree-ru_src-s27-n659	их	RU:  <ERR> 
undef	undef	CS:  <NUL> <EXT> <PER>	wsj_1922.final.streex##16.a_tree-en_src-s16-n386	its	EN:  <POS>	undef	undef	RU:  <NUL> <EXT> <PER>
undef	undef	CS:  <NUL> <EXT> 	wsj_1922.final.streex##16.a_tree-en_src-s16-n403	its	EN:  <POS>	undef	undef	RU:  <NUL> <EXT> 
undef	undef	CS:  <NUL> <MSP> 	wsj_1903.final.streex##27.a_tree-en_src-s27-n578	its	EN:  <POS>	wsj_1903.final.streex##27.a_tree-ru_src-s27-n568	его	RU:  <POS>
undef	undef	CS:  <NUL> <MSP> 	wsj_1949.final.streex##3.a_tree-en_src-s3-n60	its	EN:  <POS>	undef	undef	RU:  <NUL> <POS>? 
undef	undef	CS:  <NUL> <MSP> 	wsj_1949.final.streex##3.a_tree-en_src-s3-n60	its	EN:  <POS>	wsj_1949.final.streex##3.a_tree-ru_src-s3-n52	его	RU:  <NUL> <POS>? 
undef	undef	CS:  <NUL> <OPT> <MSP>	wsj_1937.final.streex##50.a_tree-en_src-s50-n1032	their	EN:  <POS>	wsj_1937.final.streex##50.a_tree-ru_src-s50-n973	своих	RU:  <RFL> 
undef	undef	CS:  <NUL> <OPT>	wsj_1915.final.streex##65.a_tree-en_src-s65-n1807	its	EN:  <POS>	wsj_1915.final.streex##65.a_tree-ru_src-s65-n1760	её	RU:  <POS>
undef	undef	CS:  <NUL> <OPT> 	wsj_1920.final.streex##8.a_tree-en_src-s8-n212	his	EN:  <POS>	wsj_1920.final.streex##8.a_tree-ru_src-s8-n207	своего	RU:  <RFL> <OPT> 
undef	undef	CS:  <NUL> <OPT> 	wsj_1928.final.streex##43.a_tree-en_src-s43-n1158	its	EN:  <POS>	wsj_1928.final.streex##43.a_tree-ru_src-s43-n1037	свою	RU:  <RFL> <OPT> 
undef	undef	CS:  <NUL> <OPT>	wsj_1935.final.streex##17.a_tree-en_src-s17-n363	his	EN:  <POS>	wsj_1935.final.streex##17.a_tree-ru_src-s17-n333	его	RU:  <POS> <OPT> 
undef	undef	CS:  <NUL> <OPT>	wsj_1937.final.streex##23.a_tree-en_src-s23-n494	their	EN:  <POS>	wsj_1937.final.streex##23.a_tree-ru_src-s23-n475	свою	RU:  <RFL> <OPT> 
undef	undef	CS:  <NUL> <OPT>	wsj_1937.final.streex##50.a_tree-en_src-s50-n1020	their	EN:  <POS>	wsj_1937.final.streex##50.a_tree-ru_src-s50-n961	их	RU:  <POS> <OPT> 
undef	undef	CS:  <NUL> <OPT>	wsj_1944.final.streex##8.a_tree-en_src-s8-n193	his	EN:  <POS>	wsj_1944.final.streex##8.a_tree-ru_src-s8-n180	свои	RU:  <RFL> <OPT> 
undef	undef	CS: <NUL> 	undef	undef	EN: <NUL> 	wsj_1903.final.streex##33.a_tree-ru_src-s33-n724	свои	RU:  <RFL>
undef	undef	CS: <NUL> 	undef	undef	EN: <NUL> 	wsj_1915.final.streex##52.a_tree-ru_src-s52-n1452	Его	RU:  <POS>
undef	undef	CS: <NUL> 	undef	undef	EN: <NUL> 	wsj_1924.final.streex##25.a_tree-ru_src-s25-n527	своими	RU:  <RFL>
undef	undef	CS:  <NUL>	wsj_1903.final.streex##21.a_tree-en_src-s21-n441	its	EN:  <POS>	undef	undef	RU:  <NUL> 
undef	undef	CS:  <NUL> 	wsj_1903.final.streex##23.a_tree-en_src-s23-n479	his	EN:  <POS>	undef	undef	RU:  <NUL> 
undef	undef	CS:  <NUL> 	wsj_1906.final.streex##3.a_tree-en_src-s3-n105	their	EN:  <POS>	undef	undef	RU:  <PER> 
undef	undef	CS:  <NUL> 	wsj_1915.final.streex##74.a_tree-en_src-s74-n2032	its	EN:  <POS>	wsj_1915.final.streex##74.a_tree-ru_src-s74-n1981	его	RU:  <POS> <OPT> <RFL/POS?> strange RUS possessive  
undef	undef	CS:  <NUL> 	wsj_1920.final.streex##5.a_tree-en_src-s5-n123	his	EN:  <POS>	wsj_1920.final.streex##5.a_tree-ru_src-s5-n120	свой	RU:  <RFL> <OPT> 
undef	undef	CS:  <NUL> 	wsj_1921.final.streex##1.a_tree-en_src-s1-n22	its	EN:  <POS>	undef	undef	RU:  <NUL> 
undef	undef	CS:  <NUL> 	wsj_1923.final.streex##11.a_tree-en_src-s11-n217	its	EN:  <POS>	wsj_1923.final.streex##11.a_tree-ru_src-s11-n203	своей	RU:  <RFL> <OPT> <MSP> 
undef	undef	CS:  <NUL> 	wsj_1924.final.streex##27.a_tree-en_src-s27-n618	its	EN:  <POS>	undef	undef	RU:  <NUL> 
undef	undef	CS:  <NUL> 	wsj_1927.final.streex##21.a_tree-en_src-s21-n568	their	EN:  <POS>	undef	undef	RU:  <NUL> 
undef	undef	CS:  <NUL> 	wsj_1929.final.streex##15.a_tree-en_src-s15-n420	its	EN:  <POS>	wsj_1929.final.streex##15.a_tree-ru_src-s15-n366	свои	RU:  <RFL> <OPT> <LPM> but clear from the context
undef	undef	CS:  <NUL> 	wsj_1932.final.streex##10.a_tree-en_src-s10-n278	their	EN:  <POS>	wsj_1932.final.streex##10.a_tree-ru_src-s10-n271	своё	RU:  <RFL> <OPT> 
undef	undef	CS:  <NUL> 	wsj_1932.final.streex##47.a_tree-en_src-s47-n1112	its	EN:  <POS>	undef	undef	RU:  <NUL> 
undef	undef	CS:  <NUL>	wsj_1936.final.streex##22.a_tree-en_src-s22-n523	its	EN:  <POS>	wsj_1936.final.streex##22.a_tree-ru_src-s22-n462	своими	RU:  <PER> <RFL> 
undef	undef	CS:  <NUL> 	wsj_1936.final.streex##37.a_tree-en_src-s37-n944	her	EN:  <POS>	wsj_1936.final.streex##37.a_tree-ru_src-s37-n836	своей	RU:  <RFL> <OPT> 
undef	undef	CS:  <NUL> 	wsj_1936.final.streex##38.a_tree-en_src-s38-n969	his	EN:  <POS>	wsj_1936.final.streex##38.a_tree-ru_src-s38-n864	его	RU:  <POS> 
undef	undef	CS:  <NUL> 	wsj_1936.final.streex##48.a_tree-en_src-s48-n1234	its	EN:  <POS>	wsj_1936.final.streex##48.a_tree-ru_src-s48-n1117	их	RU:  <POS> <OPT> <LPM> but clear from the context 
undef	undef	CS:  <NUL> 	wsj_1936.final.streex##9.a_tree-en_src-s9-n200	his	EN:  <POS>	wsj_1936.final.streex##9.a_tree-ru_src-s9-n169	своём	RU:  <RFL> <OPT> 
undef	undef	CS:  <NUL> 	wsj_1938.final.streex##2.a_tree-en_src-s2-n46	their	EN:  <POS>	undef	undef	RU:  <NUL>
undef	undef	CS:  <NUL>	wsj_1940.final.streex##4.a_tree-en_src-s4-n92	his	EN:  <POS>	wsj_1940.final.streex##4.a_tree-ru_src-s4-n87	своей	RU:  <RFL> <OPT> 
undef	undef	CS:  <NUL> 	wsj_1943.final.streex##4.a_tree-en_src-s4-n88	its	EN:  <POS>	wsj_1943.final.streex##4.a_tree-ru_src-s4-n77	его	RU:  <POS> <OPT> 
undef	undef	CS: <NUL> 	wsj_1944.final.streex##14.a_tree-en_src-s14-n320	the	EN: <THE> 	wsj_1944.final.streex##14.a_tree-ru_src-s14-n302	свои	RU:  <RFL>
undef	undef	CS:  <NUL> 	wsj_1946.final.streex##5.a_tree-en_src-s5-n95	their	EN:  <POS>	wsj_1946.final.streex##5.a_tree-ru_src-s5-n96	своей	RU:  <RFL> <OPT> 
undef	undef	CS:  <NUL> 	wsj_1948.final.streex##9.a_tree-en_src-s9-n231	its	EN:  <POS>	undef	undef	RU:  <NUL> 
undef	undef	CS:  <NUL> 	wsj_1948.final.streex##9.a_tree-en_src-s9-n231	its	EN:  <POS>	wsj_1948.final.streex##9.a_tree-ru_src-s9-n236	свой	RU:  <NUL> 
undef	undef	CS:  <PER> <NUL> 	wsj_1929.final.streex##4.a_tree-en_src-s4-n100	his	EN:  <POS>	wsj_1929.final.streex##4.a_tree-ru_src-s4-n91	свои	RU:  <RFL> <OPT> 
undef	undef	CS:  <PER> phrase	wsj_1906.final.streex##8.a_tree-en_src-s8-n193	their	EN:  <POS>	undef	undef	RU:  <PER> phrase
undef	undef	CS:  <PER> <relVV>	wsj_1947.final.streex##1.a_tree-en_src-s1-n3	its	EN:  <POS>	wsj_1947.final.streex##1.a_tree-ru_src-s1-n4	своего	RU:  <RFL> 
undef	undef	CS: <PER> 	undef	undef	EN: <PER> 	wsj_1918.final.streex##6.a_tree-ru_src-s6-n130	своей	RU:  <RFL>
undef	undef	CS: <PER> 	undef	undef	EN: <PER> 	wsj_1927.final.streex##20.a_tree-ru_src-s20-n510	своих	RU:  <RFL>
undef	undef	CS:  <PER>	wsj_1903.final.streex##10.a_tree-en_src-s10-n228	its	EN:  <POS>	wsj_1903.final.streex##10.a_tree-ru_src-s10-n209	его	RU:  <POS> 
undef	undef	CS:  <PER>	wsj_1904.final.streex##2.a_tree-en_src-s2-n63	its	EN:  <POS>	wsj_1904.final.streex##2.a_tree-ru_src-s2-n56	она	RU:  <NOUN> 
undef	undef	CS:  <PER>	wsj_1915.final.streex##10.a_tree-en_src-s10-n281	its	EN:  <POS>	wsj_1915.final.streex##10.a_tree-ru_src-s10-n264	его	RU:  <POS> 
undef	undef	CS:  <PER> 	wsj_1918.final.streex##7.a_tree-en_src-s7-n153	its	EN:  <POS>	undef	undef	RU:  <PER> 
undef	undef	CS:  <PER> 	wsj_1927.final.streex##5.a_tree-en_src-s5-n131	its	EN:  <POS>	wsj_1927.final.streex##5.a_tree-ru_src-s5-n138	своей	RU:  <RFL> <OPT>? 
undef	undef	CS:  <PER> 	wsj_1929.final.streex##8.a_tree-en_src-s8-n233	their	EN:  <POS>	undef	undef	RU:  <PER> 
undef	undef	CS:  <PER> 	wsj_1930.final.streex##25.a_tree-en_src-s25-n417	its	EN:  <POS>	undef	undef	RU:  <PER> 
undef	undef	CS:  <PER> 	wsj_1934.final.streex##13.a_tree-en_src-s13-n309	its	EN:  <POS>	wsj_1934.final.streex##13.a_tree-ru_src-s13-n277	его	RU:  <POS> 
undef	undef	CS:  <PER>	wsj_1935.final.streex##29.a_tree-en_src-s29-n551	their	EN:  <POS>	wsj_1935.final.streex##29.a_tree-ru_src-s29-n507	их	RU:  <POS> 
undef	undef	CS:  <PER> 	wsj_1935.final.streex##6.a_tree-en_src-s6-n123	their	EN:  <POS>	undef	undef	RU:  <PER> 
undef	undef	CS:  <PER> 	wsj_1939.final.streex##3.a_tree-en_src-s3-n91	his	EN:  <POS>	undef	undef	RU:  <PER> 
undef	undef	CS:  <PER>	wsj_1943.final.streex##6.a_tree-en_src-s6-n141	its	EN:  <POS>	wsj_1943.final.streex##6.a_tree-ru_src-s6-n130	свою	RU:  <RFL> 
undef	undef	CS:  <zero> <PER> 	wsj_1910.final.streex##5.a_tree-en_src-s5-n139	its	EN:  <POS>	wsj_1910.final.streex##5.a_tree-ru_src-s5-n144	своих	RU:  <RFL> 
wsj_1900.final.streex##2.a_tree-cs_src-s2-n247	jeho	CS:  <POS>	wsj_1900.final.streex##2.a_tree-en_src-s2-n76	his	EN:  <POS>	wsj_1900.final.streex##2.a_tree-ru_src-s2-n82	его	RU:  <POS>
wsj_1901.final.streex##2.a_tree-cs_src-s2-n258	Jeho	CS:  <POS> 	wsj_1901.final.streex##2.a_tree-en_src-s2-n32	His	EN:  <POS>	wsj_1901.final.streex##2.a_tree-ru_src-s2-n29	Его	RU:  <POS> 
wsj_1901.final.streex##6.a_tree-cs_src-s6-n353	svůj	CS:  <RFL> <OPT> <MSP>  	wsj_1901.final.streex##6.a_tree-en_src-s6-n145	its	EN:  <POS>	undef	undef	RU:  <NUL> 
wsj_1902.final.streex##1.a_tree-cs_src-s1-n170	její	CS:  <POS>	wsj_1902.final.streex##1.a_tree-en_src-s1-n5	its	EN:  <POS>	wsj_1902.final.streex##1.a_tree-ru_src-s1-n7	его	RU:  <POS>
wsj_1902.final.streex##6.a_tree-cs_src-s6-n275	její	CS:  <POS> 	wsj_1902.final.streex##6.a_tree-en_src-s6-n124	its	EN:  <POS>	undef	undef	RU:  <NUL>
wsj_1903.final.streex##10.a_tree-cs_src-s10-n1285	svého	CS:  <RFL> <OPT?>	wsj_1903.final.streex##10.a_tree-en_src-s10-n208	its	EN:  <POS>	wsj_1903.final.streex##10.a_tree-ru_src-s10-n189	своего	RU:  <RFL> <OPT> 
wsj_1903.final.streex##12.a_tree-cs_src-s12-n1323	Jejich	CS:  <POS>	wsj_1903.final.streex##12.a_tree-en_src-s12-n255	Their	EN:  <POS>	wsj_1903.final.streex##12.a_tree-ru_src-s12-n233	Их	RU:  <POS> 
wsj_1903.final.streex##13.a_tree-cs_src-s13-n1340	svůj	CS:  <RFL> <OPT?> <EXT>	wsj_1903.final.streex##13.a_tree-en_src-s13-n272	its	EN:  <POS>	wsj_1903.final.streex##13.a_tree-ru_src-s13-n255	свой	RU:  <RFL> <OPT>
wsj_1903.final.streex##16.a_tree-cs_src-s16-n1410	jejich	CS:  <POS>	wsj_1903.final.streex##16.a_tree-en_src-s16-n350	their	EN:  <POS>	wsj_1903.final.streex##16.a_tree-ru_src-s16-n330	их	RU:  <POS>
wsj_1903.final.streex##20.a_tree-cs_src-s20-n1468	svou	CS:  <RFL> <OPT?>	wsj_1903.final.streex##20.a_tree-en_src-s20-n422	his	EN:  <POS>	undef	undef	RU:  <NUL>
wsj_1903.final.streex##23.a_tree-cs_src-s23-n1529	jeho	CS:  <POS>	wsj_1903.final.streex##23.a_tree-en_src-s23-n489	his	EN:  <POS>	wsj_1903.final.streex##23.a_tree-ru_src-s23-n469	его	RU:  <POS> 
wsj_1903.final.streex##28.a_tree-cs_src-s28-n1625	jeho	CS:  <POS>	undef	undef	EN: <ERR>Anja_check<NUL> 	undef	undef	RU: <ERR>Anja_check<NUL> 
wsj_1903.final.streex##30.a_tree-cs_src-s30-n1694	svého	CS:  <RFL>	wsj_1903.final.streex##30.a_tree-en_src-s30-n674	its	EN:  <POS>	wsj_1903.final.streex##30.a_tree-ru_src-s30-n651	свою	RU:  <RFL>
wsj_1903.final.streex##38.a_tree-cs_src-s38-n1859	Jejich	CS:  <POS>	wsj_1903.final.streex##38.a_tree-en_src-s38-n851	Their	EN:  <POS>	wsj_1903.final.streex##38.a_tree-ru_src-s38-n825	Их	RU:  <POS> 
wsj_1903.final.streex##39.a_tree-cs_src-s39-n1897	jeho	CS:  <POS>	wsj_1903.final.streex##39.a_tree-en_src-s39-n893	his	EN:  <POS>	wsj_1903.final.streex##39.a_tree-ru_src-s39-n859	его	RU:  <POS>
wsj_1903.final.streex##40.a_tree-cs_src-s40-n1915	jejich	CS:  <POS>	wsj_1903.final.streex##40.a_tree-en_src-s40-n912	their	EN:  <POS>	wsj_1903.final.streex##40.a_tree-ru_src-s40-n879	их	RU:  <POS>
wsj_1903.final.streex##42.a_tree-cs_src-s42-n1945	jeho	CS:  <POS>	wsj_1903.final.streex##42.a_tree-en_src-s42-n951	its	EN:  <POS>	wsj_1903.final.streex##42.a_tree-ru_src-s42-n912	её	RU:  <POS>
wsj_1903.final.streex##44.a_tree-cs_src-s44-n1975	své	CS:  <RSL> <EXT> <OPT?>	wsj_1903.final.streex##44.a_tree-en_src-s44-n989	her	EN:  <POS>	wsj_1903.final.streex##44.a_tree-ru_src-s44-n949	свой	RU:  <RSL> <OPT>
wsj_1904.final.streex##4.a_tree-cs_src-s4-n293	své	CS:  <RFL>	wsj_1904.final.streex##4.a_tree-en_src-s4-n148	the	EN: <THE>	undef	undef	RU: <NUL>
wsj_1908.final.streex##4.a_tree-cs_src-s4-n260	její	CS:  <POS>	wsj_1908.final.streex##4.a_tree-en_src-s4-n119	its	EN:  <POS>	wsj_1908.final.streex##4.a_tree-ru_src-s4-n121	его	RU:  <POS> 
wsj_1909.final.streex##1.a_tree-cs_src-s1-n184	své	CS:  <RFL> <OPT> <MSP> 	wsj_1909.final.streex##1.a_tree-en_src-s1-n26	its	EN:  <POS>	undef	undef	RU:  <NUL> 
wsj_1910.final.streex##4.a_tree-cs_src-s4-n278	jejích	CS:  <POS>	wsj_1910.final.streex##4.a_tree-en_src-s4-n106	its	EN:  <POS>	wsj_1910.final.streex##4.a_tree-ru_src-s4-n110	ее	RU:  <POS>
wsj_1910.final.streex##4.a_tree-cs_src-s4-n285	jejím	CS:  <POS>	wsj_1910.final.streex##4.a_tree-en_src-s4-n115	its	EN:  <POS>	wsj_1910.final.streex##4.a_tree-ru_src-s4-n121	её	RU:  <POS> 
wsj_1911.final.streex##2.a_tree-cs_src-s2-n236	své	CS:  <RFL>	wsj_1911.final.streex##2.a_tree-en_src-s2-n41	its	EN:  <POS>	wsj_1911.final.streex##2.a_tree-ru_src-s2-n39	своей	RU:  <RFL> 
wsj_1911.final.streex##7.a_tree-cs_src-s7-n355	svých	CS:  <RFL>	undef	undef	EN: <PER>	undef	undef	RU: <PER> 
wsj_1911.final.streex##7.a_tree-cs_src-s7-n360	její	CS:  <POS>	wsj_1911.final.streex##7.a_tree-en_src-s7-n154	its	EN:  <POS>	wsj_1911.final.streex##7.a_tree-ru_src-s7-n167	её	RU:  <POS>
wsj_1912.final.streex##1.a_tree-cs_src-s1-n270	svými	CS:  <RFL>  <PER> (I added <> to <svými>)	wsj_1912.final.streex##1.a_tree-en_src-s1-n19	its	EN:  <POS>	wsj_1912.final.streex##1.a_tree-ru_src-s1-n21	своего	RU:  <RFL>
wsj_1912.final.streex##1.a_tree-cs_src-s1-n270	svými	CS:  <RFL>  <PER> (I added <> to <svými>)	wsj_1912.final.streex##1.a_tree-en_src-s1-n9	its	EN:  <POS>	wsj_1912.final.streex##1.a_tree-ru_src-s1-n21	своего	RU:  <RFL>
wsj_1912.final.streex##1.a_tree-cs_src-s1-n270	svými	CS:  <RFL>	wsj_1912.final.streex##1.a_tree-en_src-s1-n9	its	EN:  <POS>	wsj_1912.final.streex##1.a_tree-ru_src-s1-n9	своими	RU:  <RFL>
wsj_1913.final.streex##1.a_tree-cs_src-s1-n242	jejího	CS:  <POS>	wsj_1913.final.streex##1.a_tree-en_src-s1-n24	company	EN: <NOUN>	undef	undef	RU: <NUL>
wsj_1914.final.streex##2.a_tree-cs_src-s2-n248	jejich	CS:  <POS> <OPT> 	wsj_1914.final.streex##2.a_tree-en_src-s2-n59	their	EN:  <POS>	wsj_1914.final.streex##2.a_tree-ru_src-s2-n54	их	RU:  <POS> <OPT> 
wsj_1915.final.streex##102.a_tree-cs_src-s102-n6766	jejích	CS:  <POS> 	wsj_1915.final.streex##102.a_tree-en_src-s102-n3007	its	EN:  <POS>	wsj_1915.final.streex##102.a_tree-ru_src-s102-n2925	его	RU:  <POS> 
wsj_1915.final.streex##109.a_tree-cs_src-s109-n6976	společnosti	CS:  <NOUN> 	wsj_1915.final.streex##109.a_tree-en_src-s109-n3185	its	EN:  <POS>	wsj_1915.final.streex##109.a_tree-ru_src-s109-n3099	её	RU:  <POS> 
wsj_1915.final.streex##113.a_tree-cs_src-s113-n7185	jejich	CS: OK	wsj_1915.final.streex##113.a_tree-en_src-s113-n3361	them	EN: TYPE=en_perspron	wsj_1915.final.streex##113.a_tree-ru_src-s113-n3280	им	RU: <PER><NOUN>
wsj_1915.final.streex##12.a_tree-cs_src-s12-n3825	její	CS:  <POS>	wsj_1915.final.streex##12.a_tree-en_src-s12-n318	its	EN:  <POS>	wsj_1915.final.streex##12.a_tree-ru_src-s12-n302	его	RU:  <POS> 
wsj_1915.final.streex##19.a_tree-cs_src-s19-n4056	společnosti	CS:  <NUL>	wsj_1915.final.streex##19.a_tree-en_src-s19-n524	its	EN:  <POS>	undef	undef	RU:  <NUL> 
wsj_1915.final.streex##19.a_tree-cs_src-s19-n4060	jejích	CS:  <POS>	wsj_1915.final.streex##19.a_tree-en_src-s19-n529	its	EN:  <POS>	wsj_1915.final.streex##19.a_tree-ru_src-s19-n504	её	RU:  <POS>
wsj_1915.final.streex##1.a_tree-cs_src-s1-n3489	svých	CS:  <RFL> 	wsj_1915.final.streex##1.a_tree-en_src-s1-n23	their	EN:  <POS>	wsj_1915.final.streex##1.a_tree-ru_src-s1-n18	их	RU:  <POS> 
wsj_1915.final.streex##21.a_tree-cs_src-s21-n4114	svých	CS:  <RFL> <OPT>?	wsj_1915.final.streex##21.a_tree-en_src-s21-n585	its	EN:  <POS>	wsj_1915.final.streex##21.a_tree-ru_src-s21-n558	своих	RU:  <RFL> <OPT>?
wsj_1915.final.streex##21.a_tree-cs_src-s21-n4121	její	CS:  <POS>	wsj_1915.final.streex##21.a_tree-en_src-s21-n593	its	EN:  <POS>	wsj_1915.final.streex##21.a_tree-ru_src-s21-n564	её	RU:  <POS> 
wsj_1915.final.streex##22.a_tree-cs_src-s22-n4143	její	CS:  <POS> <OPT>?	wsj_1915.final.streex##22.a_tree-en_src-s22-n615	its	EN:  <POS>	wsj_1915.final.streex##22.a_tree-ru_src-s22-n588	ее	RU:  <POS> <OPT>? 
wsj_1915.final.streex##24.a_tree-cs_src-s24-n4201	její	CS:  <POS>	wsj_1915.final.streex##24.a_tree-en_src-s24-n664	its	EN:  <POS>	wsj_1915.final.streex##24.a_tree-ru_src-s24-n636	его	RU:  <POS>
wsj_1915.final.streex##26.a_tree-cs_src-s26-n4253	společnosti	CS:  <NUL> 	wsj_1915.final.streex##26.a_tree-en_src-s26-n713	its	EN:  <POS>	undef	undef	RU:  <NOUN>
wsj_1915.final.streex##26.a_tree-cs_src-s26-n4258	svého	CS:  <RFL> 	wsj_1915.final.streex##26.a_tree-en_src-s26-n720	its	EN:  <POS>	wsj_1915.final.streex##26.a_tree-ru_src-s26-n689	своей	RU:  <RFL> 
wsj_1915.final.streex##30.a_tree-cs_src-s30-n4354	jejích	CS:  <POS>	wsj_1915.final.streex##30.a_tree-en_src-s30-n809	its	EN:  <POS>	wsj_1915.final.streex##30.a_tree-ru_src-s30-n777	его	RU:  <POS>
wsj_1915.final.streex##32.a_tree-cs_src-s32-n4430	jejích	CS:  <POS>	wsj_1915.final.streex##32.a_tree-en_src-s32-n879	its	EN:  <POS>	wsj_1915.final.streex##32.a_tree-ru_src-s32-n847	его	RU:  <POS> 
wsj_1915.final.streex##38.a_tree-cs_src-s38-n4584	své	CS:  <RFL>	undef	undef	EN: <NOUN> 	undef	undef	RU: <NUL> 
wsj_1915.final.streex##40.a_tree-cs_src-s40-n4660	svých	CS:  <RFL>	wsj_1915.final.streex##40.a_tree-en_src-s40-n1080	its	EN:  <POS>	wsj_1915.final.streex##40.a_tree-ru_src-s40-n1048	своих	RU:  <RFL> 
wsj_1915.final.streex##40.a_tree-cs_src-s40-n4671	svých	CS:  <RFL> 	wsj_1915.final.streex##40.a_tree-en_src-s40-n1089	its	EN:  <POS>	undef	undef	RU:  <NUL> 
wsj_1915.final.streex##44.a_tree-cs_src-s44-n4791	svých	CS:  <RFL> 	wsj_1915.final.streex##44.a_tree-en_src-s44-n1203	its	EN:  <POS>	wsj_1915.final.streex##44.a_tree-ru_src-s44-n1164	своем	RU:  <RFL> 
wsj_1915.final.streex##44.a_tree-cs_src-s44-n4808	své	CS:  <RFL>	wsj_1915.final.streex##44.a_tree-en_src-s44-n1218	its	EN:  <POS>	wsj_1915.final.streex##44.a_tree-ru_src-s44-n1182	его	RU:  <POS> 
wsj_1915.final.streex##47.a_tree-cs_src-s47-n4907	její	CS:  <POS>	wsj_1915.final.streex##47.a_tree-en_src-s47-n1302	its	EN:  <POS>	wsj_1915.final.streex##47.a_tree-ru_src-s47-n1266	его	RU:  <POS> 
wsj_1915.final.streex##48.a_tree-cs_src-s48-n4955	její	CS:  <POS> 	wsj_1915.final.streex##48.a_tree-en_src-s48-n1346	its	EN:  <POS>	wsj_1915.final.streex##48.a_tree-ru_src-s48-n1309	его	RU:  <POS> 
wsj_1915.final.streex##49.a_tree-cs_src-s49-n5007	jejích	CS:  <POS>	wsj_1915.final.streex##49.a_tree-en_src-s49-n1392	its	EN:  <POS>	wsj_1915.final.streex##49.a_tree-ru_src-s49-n1352	его	RU:  <POS> 
wsj_1915.final.streex##49.a_tree-cs_src-s49-n5015	jejích	CS:  <POS> <OPT> 	wsj_1915.final.streex##49.a_tree-en_src-s49-n1403	its	EN:  <POS>	wsj_1915.final.streex##49.a_tree-ru_src-s49-n1361	его	RU:  <POS> <OPT> 
wsj_1915.final.streex##51.a_tree-cs_src-s51-n5100	její	CS:  <POS> <OPT>	wsj_1915.final.streex##51.a_tree-en_src-s51-n1474	its	EN:  <POS>	undef	undef	RU:  <NUL> <OPT> 
wsj_1915.final.streex##51.a_tree-cs_src-s51-n5120	společnosti	CS:  <NUL> 	wsj_1915.final.streex##51.a_tree-en_src-s51-n1490	its	EN:  <POS>	undef	undef	RU:  <NUL> 
wsj_1915.final.streex##53.a_tree-cs_src-s53-n5163	svém	CS:  <RFL> <MSP>	wsj_1915.final.streex##53.a_tree-en_src-s53-n1531	its	EN:  <POS>	undef	undef	RU:  <NUL> 
wsj_1915.final.streex##64.a_tree-cs_src-s64-n5432	její	CS:  <POS> 	wsj_1915.final.streex##64.a_tree-en_src-s64-n1781	its	EN:  <POS>	wsj_1915.final.streex##64.a_tree-ru_src-s64-n1734	её	RU:  <POS> 
wsj_1915.final.streex##66.a_tree-cs_src-s66-n5490	jejích	CS:  <POS> 	wsj_1915.final.streex##66.a_tree-en_src-s66-n1836	its	EN:  <POS>	wsj_1915.final.streex##66.a_tree-ru_src-s66-n1790	её	RU:  <POS> 
wsj_1915.final.streex##68.a_tree-cs_src-s68-n5541	společnosti	CS:  <NOUN> 	wsj_1915.final.streex##68.a_tree-en_src-s68-n1879	its	EN:  <POS>	wsj_1915.final.streex##68.a_tree-ru_src-s68-n1833	её	RU:  <POS> 
wsj_1915.final.streex##71.a_tree-cs_src-s71-n5643	svoji	CS:  <RFL> 	wsj_1915.final.streex##71.a_tree-en_src-s71-n1966	its	EN:  <POS>	wsj_1915.final.streex##71.a_tree-ru_src-s71-n1922	её	RU:  <POS> 
wsj_1915.final.streex##72.a_tree-cs_src-s72-n5663	svými	CS:  <RFL> 	wsj_1915.final.streex##72.a_tree-en_src-s72-n1980	its	EN:  <POS>	wsj_1915.final.streex##72.a_tree-ru_src-s72-n1936	его	RU:  <POS> 
wsj_1915.final.streex##73.a_tree-cs_src-s73-n5678	její	CS:  <POS>	wsj_1915.final.streex##73.a_tree-en_src-s73-n2002	company	EN: <NOUN> 	undef	undef	RU: <NUL> 
wsj_1915.final.streex##75.a_tree-cs_src-s75-n5742	svého	CS:  <RFL>	wsj_1915.final.streex##75.a_tree-en_src-s75-n2060	its	EN:  <POS>	wsj_1915.final.streex##75.a_tree-ru_src-s75-n2012	его	RU:  <POS> <OPT> 
wsj_1915.final.streex##76.a_tree-cs_src-s76-n5785	její	CS:  <POS> 	wsj_1915.final.streex##76.a_tree-en_src-s76-n2097	its	EN:  <POS>	wsj_1915.final.streex##76.a_tree-ru_src-s76-n2052	его	RU:  <POS> 
wsj_1915.final.streex##76.a_tree-cs_src-s76-n5792	své	CS:  <RFL> 	wsj_1915.final.streex##76.a_tree-en_src-s76-n2104	its	EN:  <POS>	wsj_1915.final.streex##76.a_tree-ru_src-s76-n2060	свою	RU:  <RFL> <OPT> 
wsj_1915.final.streex##7.a_tree-cs_src-s7-n3620	jejích	CS:  <POS>	wsj_1915.final.streex##7.a_tree-en_src-s7-n141	its	EN:  <POS>	wsj_1915.final.streex##7.a_tree-ru_src-s7-n132	её	RU:  <POS> 
wsj_1915.final.streex##80.a_tree-cs_src-s80-n5874	svém	CS:  <RFL> <OPT>?	wsj_1915.final.streex##80.a_tree-en_src-s80-n2189	its	EN:  <POS>	undef	undef	RU:  <NUL> 
wsj_1915.final.streex##81.a_tree-cs_src-s81-n5925	jejích	CS:  <POS>	wsj_1915.final.streex##81.a_tree-en_src-s81-n2235	its	EN:  <POS>	wsj_1915.final.streex##81.a_tree-ru_src-s81-n2181	ее	RU:  <POS> 
wsj_1915.final.streex##83.a_tree-cs_src-s83-n5981	svých	CS:  <RFL> <OPT>  <LPM>	wsj_1915.final.streex##83.a_tree-en_src-s83-n2283	its	EN:  <POS>	wsj_1915.final.streex##83.a_tree-ru_src-s83-n2227	своих	RU:  <RFL> <OPT>  <LPM>
wsj_1915.final.streex##85.a_tree-cs_src-s85-n6039	svých	CS:  <RFL> <OPT> <LPM> but clear from the context 	wsj_1915.final.streex##85.a_tree-en_src-s85-n2334	its	EN:  <POS>	wsj_1915.final.streex##85.a_tree-ru_src-s85-n2280	его	RU:  <POS> <OPT> <LPM> but clear from the context 
wsj_1915.final.streex##87.a_tree-cs_src-s87-n6122	svých	CS:  <RFL>	wsj_1915.final.streex##87.a_tree-en_src-s87-n2412	its	EN:  <POS>	wsj_1915.final.streex##87.a_tree-ru_src-s87-n2353	своих	RU:  <RFL> 
wsj_1915.final.streex##90.a_tree-cs_src-s90-n6185	svého	CS:  <RFL>	wsj_1915.final.streex##90.a_tree-en_src-s90-n2454	this	EN: <PER><NOUN> 	wsj_1915.final.streex##90.a_tree-ru_src-s90-n2403	этой	RU: <PER><NOUN>
wsj_1915.final.streex##94.a_tree-cs_src-s94-n6468	její	CS:  <POS>	wsj_1915.final.streex##94.a_tree-en_src-s94-n2734	company	EN: <PER> 	undef	undef	RU: <PER>
wsj_1917.final.streex##2.a_tree-cs_src-s2-n239	svých	CS:  <RFL> 	wsj_1917.final.streex##2.a_tree-en_src-s2-n49	its	EN:  <POS>	wsj_1917.final.streex##2.a_tree-ru_src-s2-n39	его	RU:  <POS> <MSP> (<RFL>?) 
wsj_1917.final.streex##2.a_tree-cs_src-s2-n245	tyto	CS:  <DP> 	wsj_1917.final.streex##2.a_tree-en_src-s2-n56	their	EN:  <POS>	wsj_1917.final.streex##2.a_tree-ru_src-s2-n45	свои	RU:  <RFL> 
wsj_1917.final.streex##2.a_tree-cs_src-s2-n262	svou	CS:  <RFL> 	wsj_1917.final.streex##2.a_tree-en_src-s2-n67	its	EN:  <POS>	wsj_1917.final.streex##2.a_tree-ru_src-s2-n58	своей	RU:  <RFL> 
wsj_1917.final.streex##5.a_tree-cs_src-s5-n372	jeho	CS:  <POS> 	wsj_1917.final.streex##5.a_tree-en_src-s5-n176	his	EN:  <POS>	wsj_1917.final.streex##5.a_tree-ru_src-s5-n158	его	RU:  <POS> 
wsj_1917.final.streex##6.a_tree-cs_src-s6-n389	jeho	CS:  <POS> 	wsj_1917.final.streex##6.a_tree-en_src-s6-n193	his	EN:  <POS>	wsj_1917.final.streex##6.a_tree-ru_src-s6-n175	его	RU:  <POS> 
wsj_1918.final.streex##3.a_tree-cs_src-s3-n238	svou	CS:  <RFL>	wsj_1918.final.streex##3.a_tree-en_src-s3-n64	its	EN:  <POS>	wsj_1918.final.streex##3.a_tree-ru_src-s3-n57	своё	RU:  <RFL> 
wsj_1919.final.streex##1.a_tree-cs_src-s1-n272	její	CS:  <POS> 	wsj_1919.final.streex##1.a_tree-en_src-s1-n8	its	EN:  <POS>	wsj_1919.final.streex##1.a_tree-ru_src-s1-n10	его	RU:  <POS> 
wsj_1919.final.streex##1.a_tree-cs_src-s1-n277	svůj	CS:  <RFL> 	wsj_1919.final.streex##1.a_tree-en_src-s1-n15	his	EN:  <POS>	wsj_1919.final.streex##1.a_tree-ru_src-s1-n17	своё	RU:  <RFL> 
wsj_1919.final.streex##3.a_tree-cs_src-s3-n318	jeho	CS:  <RFL> 	wsj_1919.final.streex##3.a_tree-en_src-s3-n58	his	EN:  <POS>	undef	undef	RU:  <RelVV> <NUL> 
wsj_1919.final.streex##4.a_tree-cs_src-s4-n369	svoji	CS:  <RFL> 	wsj_1919.final.streex##4.a_tree-en_src-s4-n120	their	EN:  <POS>	wsj_1919.final.streex##4.a_tree-ru_src-s4-n116	их	RU:  <POS> 
wsj_1919.final.streex##6.a_tree-cs_src-s6-n422	její	CS:  <POS>	wsj_1919.final.streex##6.a_tree-en_src-s6-n178	its	EN:  <POS>	undef	undef	RU:  <NUL> 
wsj_1920.final.streex##2.a_tree-cs_src-s2-n316	svými	CS:  <RFL> 	wsj_1920.final.streex##2.a_tree-en_src-s2-n28	his	EN:  <POS>	wsj_1920.final.streex##2.a_tree-ru_src-s2-n22	его	RU:  <POS>
wsj_1920.final.streex##4.a_tree-cs_src-s4-n363	jeho	CS:  <POS> 	wsj_1920.final.streex##4.a_tree-en_src-s4-n73	his	EN:  <POS>	wsj_1920.final.streex##4.a_tree-ru_src-s4-n69	его	RU:  <POS> <OPT>? 
wsj_1920.final.streex##6.a_tree-cs_src-s6-n447	svoji	CS:  <RFL>	undef	undef	EN: <NUL>phrase 	wsj_1920.final.streex##6.a_tree-ru_src-s6-n162	своей	RU: <RFL>
wsj_1920.final.streex##7.a_tree-cs_src-s7-n482	jeho	CS:  <POS> 	wsj_1920.final.streex##7.a_tree-en_src-s7-n202	his	EN:  <POS>	wsj_1920.final.streex##7.a_tree-ru_src-s7-n199	его	RU:  <POS> 
wsj_1920.final.streex##8.a_tree-cs_src-s8-n517	svou	CS:  <RFL> <OPT> <TRI> 	wsj_1920.final.streex##8.a_tree-en_src-s8-n249	its	EN:  <POS>	wsj_1920.final.streex##8.a_tree-ru_src-s8-n245	свою	RU:  <RFL> <OPT> <TRI> 
wsj_1921.final.streex##1.a_tree-cs_src-s1-n159	jeho	CS:  <POS> 	wsj_1921.final.streex##1.a_tree-en_src-s1-n32	its	EN:  <POS>	wsj_1921.final.streex##1.a_tree-ru_src-s1-n34	его	RU:  <POS> 
wsj_1922.final.streex##5.a_tree-cs_src-s5-n698	jeho	CS:  <POS>	wsj_1922.final.streex##5.a_tree-en_src-s5-n142	its	EN:  <POS>	undef	undef	RU:  <NUL> 
wsj_1923.final.streex##12.a_tree-cs_src-s12-n496	svojí	CS:  <RFL> 	wsj_1923.final.streex##12.a_tree-en_src-s12-n230	its	EN:  <POS>	wsj_1923.final.streex##12.a_tree-ru_src-s12-n219	её	RU:  <POS> 
wsj_1923.final.streex##2.a_tree-cs_src-s2-n296	své	CS:  <RFL> 	wsj_1923.final.streex##2.a_tree-en_src-s2-n23	its	EN:  <POS>	wsj_1923.final.streex##2.a_tree-ru_src-s2-n20	своего	RU:  <RFL> 
wsj_1924.final.streex##11.a_tree-cs_src-s11-n1058	jeho	CS:  <POS> 	wsj_1924.final.streex##11.a_tree-en_src-s11-n245	his	EN:  <POS>	wsj_1924.final.streex##11.a_tree-ru_src-s11-n235	его	RU:  <POS> 
wsj_1924.final.streex##16.a_tree-cs_src-s16-n1156	jejím	CS:  <POS> 	wsj_1924.final.streex##16.a_tree-en_src-s16-n341	its	EN:  <POS>	wsj_1924.final.streex##16.a_tree-ru_src-s16-n327	ее	RU:  <NOUN> 
wsj_1924.final.streex##17.a_tree-cs_src-s17-n1183	jeho	CS:  <POS> 	wsj_1924.final.streex##17.a_tree-en_src-s17-n364	its	EN:  <POS>	wsj_1924.final.streex##17.a_tree-ru_src-s17-n349	его	RU:  <POS> 
wsj_1924.final.streex##2.a_tree-cs_src-s2-n848	si	CS:  <EXT> <SI>	wsj_1924.final.streex##2.a_tree-en_src-s2-n35	their	EN:  <POS>	wsj_1924.final.streex##2.a_tree-ru_src-s2-n31	свой	RU:  ok  <EXT> <SI>
wsj_1924.final.streex##31.a_tree-cs_src-s31-n1492	jejích	CS:  <POS>	wsj_1924.final.streex##31.a_tree-en_src-s31-n697	its	EN:  <POS>	wsj_1924.final.streex##31.a_tree-ru_src-s31-n643	её	RU:  <POS> 
wsj_1926.final.streex##7.a_tree-cs_src-s7-n559	své	CS:  <RFL> <OPT>? 	wsj_1926.final.streex##7.a_tree-en_src-s7-n157	its	EN:  <POS>	wsj_1926.final.streex##7.a_tree-ru_src-s7-n177	своим	RU:  <RFL> <OPT> 
wsj_1927.final.streex##10.a_tree-cs_src-s10-n1319	jeho	CS:  <POS>	wsj_1927.final.streex##10.a_tree-en_src-s10-n265	his	EN:  <POS>	wsj_1927.final.streex##10.a_tree-ru_src-s10-n267	его	RU:  <POS> 
wsj_1927.final.streex##13.a_tree-cs_src-s13-n1371	svým	CS:  <RFL> <OPT>	wsj_1927.final.streex##13.a_tree-en_src-s13-n318	his	EN:  <POS>	wsj_1927.final.streex##13.a_tree-ru_src-s13-n316	своего	RU:  <RFL> <OPT> 
wsj_1927.final.streex##14.a_tree-cs_src-s14-n1413	jeho	CS:  <POS> 	wsj_1927.final.streex##14.a_tree-en_src-s14-n363	his	EN:  <POS>	wsj_1927.final.streex##14.a_tree-ru_src-s14-n355	его	RU:  <POS> 
wsj_1927.final.streex##18.a_tree-cs_src-s18-n1530	své	CS:  <RFL> <OPT>?	wsj_1927.final.streex##18.a_tree-en_src-s18-n475	his	EN:  <POS>	wsj_1927.final.streex##18.a_tree-ru_src-s18-n453	свои	RU:  <RFL> <OPT> 
wsj_1927.final.streex##19.a_tree-cs_src-s19-n1546	,	CS: <NOUN> 	undef	undef	EN: <NOUN> 	wsj_1927.final.streex##19.a_tree-ru_src-s19-n479	его	RU:  <POS>
wsj_1927.final.streex##26.a_tree-cs_src-s26-n1707	své	CS:  <RFL> 	wsj_1927.final.streex##26.a_tree-en_src-s26-n667	its	EN:  <POS>	wsj_1927.final.streex##26.a_tree-ru_src-s26-n627	свой	RU:  <RFL> 
wsj_1927.final.streex##28.a_tree-cs_src-s28-n1752	své	CS:  <RFL> 	wsj_1927.final.streex##28.a_tree-en_src-s28-n717	his	EN:  <POS>	wsj_1927.final.streex##28.a_tree-ru_src-s28-n675	своих	RU:  <RFL> 
wsj_1927.final.streex##33.a_tree-cs_src-s33-n1841	Jeho	CS:  <POS> 	wsj_1927.final.streex##33.a_tree-en_src-s33-n818	His	EN:  <POS>	wsj_1927.final.streex##33.a_tree-ru_src-s33-n770	Его	RU:  <POS> 
wsj_1927.final.streex##33.a_tree-cs_src-s33-n1845	jeho	CS:  <POS> <OPT>	wsj_1927.final.streex##33.a_tree-en_src-s33-n822	his	EN:  <POS>	undef	undef	RU:  <NUL> 
wsj_1927.final.streex##39.a_tree-cs_src-s39-n2040	vlastní	CS:   <PER> <EXT> <vlastni>	wsj_1927.final.streex##39.a_tree-en_src-s39-n1021	their	EN:  <POS>	wsj_1927.final.streex##39.a_tree-ru_src-s39-n966	их	RU:  <POS> 
wsj_1927.final.streex##3.a_tree-cs_src-s3-n1141	svůj	CS:  <RFL> 	wsj_1927.final.streex##3.a_tree-en_src-s3-n92	its	EN:  <POS>	wsj_1927.final.streex##3.a_tree-ru_src-s3-n101	свой	RU:  <RFL> 
wsj_1927.final.streex##8.a_tree-cs_src-s8-n1256	jejich	CS:  <POS>	wsj_1927.final.streex##8.a_tree-en_src-s8-n199	the	EN: <THE> 	undef	undef	RU: <NUL>
wsj_1927.final.streex##8.a_tree-cs_src-s8-n1284	jeho	CS:  <POS>	undef	undef	EN: <PER> 	undef	undef	RU: <PER>
wsj_1928.final.streex##18.a_tree-cs_src-s18-n1639	svého	CS:  <RFL> 	wsj_1928.final.streex##18.a_tree-en_src-s18-n449	its	EN:  <POS>	wsj_1928.final.streex##18.a_tree-ru_src-s18-n408	своего	RU:  <RFL> 
wsj_1928.final.streex##19.a_tree-cs_src-s19-n1676	jejich	CS:  <POS>	wsj_1928.final.streex##19.a_tree-en_src-s19-n479	the	EN: <THE>	wsj_1928.final.streex##19.a_tree-ru_src-s19-n447	Дорранса	RU: <NOUN>
wsj_1928.final.streex##20.a_tree-cs_src-s20-n1710	si	CS:  <EXT> <SI> 	wsj_1928.final.streex##20.a_tree-en_src-s20-n524	their	EN:  <POS>	undef	undef	RU:  <NUL> 
wsj_1928.final.streex##20.a_tree-cs_src-s20-n1728	jejich	CS:  <POS> 	wsj_1928.final.streex##20.a_tree-en_src-s20-n540	their	EN:  <POS>	wsj_1928.final.streex##20.a_tree-ru_src-s20-n493	их	RU:  <POS> 
wsj_1928.final.streex##30.a_tree-cs_src-s30-n1960	majetku	CS:  <PER> <NOUN> 	wsj_1928.final.streex##30.a_tree-en_src-s30-n794	its	EN:  <POS>	wsj_1928.final.streex##30.a_tree-ru_src-s30-n721	его	RU:  <POS> 
wsj_1928.final.streex##43.a_tree-cs_src-s43-n2310	její	CS:  <POS> 	wsj_1928.final.streex##43.a_tree-en_src-s43-n1188	its	EN:  <POS>	wsj_1928.final.streex##43.a_tree-ru_src-s43-n1067	его	RU:  <POS> 
wsj_1929.final.streex##10.a_tree-cs_src-s10-n1370	jeho	CS:  <POS> 	wsj_1929.final.streex##10.a_tree-en_src-s10-n295	its	EN:  <POS>	wsj_1929.final.streex##10.a_tree-ru_src-s10-n255	его	RU:  <POS> 
wsj_1929.final.streex##10.a_tree-cs_src-s10-n1374	jeho	CS:  <POS> <OPT> 	wsj_1929.final.streex##10.a_tree-en_src-s10-n298	its	EN:  <POS>	wsj_1929.final.streex##10.a_tree-ru_src-s10-n259	его	RU:  <POS> <OPT> 
wsj_1929.final.streex##12.a_tree-cs_src-s12-n1419	své	CS:  <RFL> 	wsj_1929.final.streex##12.a_tree-en_src-s12-n349	his	EN:  <POS>	wsj_1929.final.streex##12.a_tree-ru_src-s12-n298	свою	RU:  <RFL> 
wsj_1929.final.streex##14.a_tree-cs_src-s14-n1462	svými	CS:  <RFL> 	wsj_1929.final.streex##14.a_tree-en_src-s14-n405	their	EN:  <POS>	wsj_1929.final.streex##14.a_tree-ru_src-s14-n349	своих	RU:  <RFL> 
wsj_1929.final.streex##15.a_tree-cs_src-s15-n1475	svou	CS:  <RFL> 	wsj_1929.final.streex##15.a_tree-en_src-s15-n415	its	EN:  <POS>	wsj_1929.final.streex##15.a_tree-ru_src-s15-n358	своей	RU:  <RFL> 
wsj_1929.final.streex##18.a_tree-cs_src-s18-n1548	svoji	CS:  <RFL> mozn<EXT> (may be changed to si)	wsj_1929.final.streex##18.a_tree-en_src-s18-n499	his	EN:  <POS>	wsj_1929.final.streex##18.a_tree-ru_src-s18-n437	свою	RU:  <RFL> mozn<EXT> (may be changed to себе)
wsj_1929.final.streex##1.a_tree-cs_src-s1-n1142	jeho	CS:  <POS>	undef	undef	EN: <NUL>	undef	undef	RU: <NUL>
wsj_1929.final.streex##21.a_tree-cs_src-s21-n1644	svoji	CS:  <RFL> 	wsj_1929.final.streex##21.a_tree-en_src-s21-n592	its	EN:  <POS>	wsj_1929.final.streex##21.a_tree-ru_src-s21-n532	своё	RU:  <RFL> 
wsj_1929.final.streex##22.a_tree-cs_src-s22-n1668	své	CS:  <RFL> <SI> 	wsj_1929.final.streex##22.a_tree-en_src-s22-n623	their	EN:  <POS>	wsj_1929.final.streex##22.a_tree-ru_src-s22-n562	своей	RU:  <RFL> 
wsj_1929.final.streex##2.a_tree-cs_src-s2-n1170	jeho	CS:  <POS> 	wsj_1929.final.streex##2.a_tree-en_src-s2-n54	his	EN:  <POS>	wsj_1929.final.streex##2.a_tree-ru_src-s2-n51	своей	RU:  <RFL> 
wsj_1929.final.streex##30.a_tree-cs_src-s30-n1826	svůj	CS:  <RFL> 	wsj_1929.final.streex##30.a_tree-en_src-s30-n806	its	EN:  <POS>	wsj_1929.final.streex##30.a_tree-ru_src-s30-n710	её	RU:  <POS> <MSP> (<RFL>?) 
wsj_1929.final.streex##38.a_tree-cs_src-s38-n1964	jeho	CS:  <POS> <VAL> 	wsj_1929.final.streex##38.a_tree-en_src-s38-n966	its	EN:  <POS>	wsj_1929.final.streex##38.a_tree-ru_src-s38-n859	ее	RU:  <POS> <VAL> 
wsj_1929.final.streex##42.a_tree-cs_src-s42-n2081	jeho	CS:  <POS> 	wsj_1929.final.streex##42.a_tree-en_src-s42-n1099	its	EN:  <POS>	wsj_1929.final.streex##42.a_tree-ru_src-s42-n988	её	RU:  <POS> 
wsj_1929.final.streex##5.a_tree-cs_src-s5-n1236	svého	CS:  <RFL> 	wsj_1929.final.streex##5.a_tree-en_src-s5-n136	his	EN:  <POS>	wsj_1929.final.streex##5.a_tree-ru_src-s5-n122	своего	RU:  <RFL> 
wsj_1930.final.streex##11.a_tree-cs_src-s11-n763	své	CS:  <RFL> <PER> 	wsj_1930.final.streex##11.a_tree-en_src-s11-n189	its	EN:  <POS>	wsj_1930.final.streex##11.a_tree-ru_src-s11-n193	своих	RU:  <RFL> 
wsj_1930.final.streex##21.a_tree-cs_src-s21-n939	svého	CS:  <RFL> 	wsj_1930.final.streex##21.a_tree-en_src-s21-n353	its	EN:  <POS>	wsj_1930.final.streex##21.a_tree-ru_src-s21-n351	своего	RU:  <RFL> 
wsj_1930.final.streex##21.a_tree-cs_src-s21-n946	svých	CS:  <RFL> <OPT> 	wsj_1930.final.streex##21.a_tree-en_src-s21-n362	its	EN:  <POS>	wsj_1930.final.streex##21.a_tree-ru_src-s21-n361	своих	RU:  <RFL> <OPT> 
wsj_1930.final.streex##24.a_tree-cs_src-s24-n993	své	CS:  <RFL> <LPM> 	wsj_1930.final.streex##24.a_tree-en_src-s24-n404	its	EN:  <POS>	wsj_1930.final.streex##24.a_tree-ru_src-s24-n404	своего	RU:  <RFL> <OPT>? <LPM> 
wsj_1930.final.streex##27.a_tree-cs_src-s27-n1055	svého	CS:  <RFL> <OPT>? <LPM> 	wsj_1930.final.streex##27.a_tree-en_src-s27-n459	its	EN:  <POS>	wsj_1930.final.streex##27.a_tree-ru_src-s27-n458	своей	RU:  <RFL> <OPT> 
wsj_1930.final.streex##28.a_tree-cs_src-s28-n1072	svoji	CS:  <RFL>	wsj_1930.final.streex##28.a_tree-en_src-s28-n481	the	EN: <THE>	undef	undef	RU: <NUL>
wsj_1930.final.streex##29.a_tree-cs_src-s29-n1083	svoji	CS:  <RFL> 	wsj_1930.final.streex##29.a_tree-en_src-s29-n488	its	EN:  <POS>	wsj_1930.final.streex##29.a_tree-ru_src-s29-n485	свой	RU:  <RFL> <OPT>? <LPM> 
wsj_1931.final.streex##4.a_tree-cs_src-s4-n805	jejich	CS: OK	wsj_1931.final.streex##4.a_tree-en_src-s4-n94	they	EN: TYPE=en_perspron	wsj_1931.final.streex##4.a_tree-ru_src-s4-n90	они	RU: <PER><NOUN>
wsj_1931.final.streex##7.a_tree-cs_src-s7-n929	její	CS:  <POS> 	wsj_1931.final.streex##7.a_tree-en_src-s7-n239	its	EN:  <POS>	undef	undef	RU:  <POS> 
wsj_1931.final.streex##7.a_tree-cs_src-s7-n929	její	CS:  <POS> 	wsj_1931.final.streex##7.a_tree-en_src-s7-n239	its	EN:  <POS>	wsj_1931.final.streex##7.a_tree-ru_src-s7-n212	ее	RU:  <POS> 
wsj_1932.final.streex##26.a_tree-cs_src-s26-n1852	jeho	CS: OK	wsj_1932.final.streex##26.a_tree-en_src-s26-n587	it	EN: TYPE=en_perspron	wsj_1932.final.streex##26.a_tree-ru_src-s26-n591	он	RU: <PER><NOUN><VAL> 
wsj_1932.final.streex##35.a_tree-cs_src-s35-n2075	svůj	CS:  <RFL> 	wsj_1932.final.streex##35.a_tree-en_src-s35-n850	their	EN:  <POS>	undef	undef	RU:  <PER> 
wsj_1932.final.streex##42.a_tree-cs_src-s42-n2206	své	CS:  <RFL>	undef	undef	EN: <NUL>	undef	undef	RU: <NUL>
wsj_1932.final.streex##9.a_tree-cs_src-s9-n1522	jejich	CS:  <POS> 	wsj_1932.final.streex##9.a_tree-en_src-s9-n261	their	EN:  <POS>	wsj_1932.final.streex##9.a_tree-ru_src-s9-n253	их	RU:  <POS> 
wsj_1934.final.streex##19.a_tree-cs_src-s19-n951	své	CS:  <RFL>	wsj_1934.final.streex##19.a_tree-en_src-s19-n492	our	EN: <POS>	wsj_1934.final.streex##19.a_tree-ru_src-s19-n440	нашим	RU: <POS>
wsj_1934.final.streex##2.a_tree-cs_src-s2-n568	jeho	CS:  <POS> 	wsj_1934.final.streex##2.a_tree-en_src-s2-n54	its	EN:  <POS>	wsj_1934.final.streex##2.a_tree-ru_src-s2-n44	его	RU:  <POS> 
wsj_1935.final.streex##14.a_tree-cs_src-s14-n1373	svůj	CS:  <RFL>	wsj_1935.final.streex##14.a_tree-en_src-s14-n323	their	EN:  <POS>	wsj_1935.final.streex##14.a_tree-ru_src-s14-n293	своей	RU:  <RFL> <EXT> 
wsj_1935.final.streex##15.a_tree-cs_src-s15-n1381	svoji	CS:  <RFL> <OPT>? 	wsj_1935.final.streex##15.a_tree-en_src-s15-n334	its	EN:  <POS>	wsj_1935.final.streex##15.a_tree-ru_src-s15-n304	свои	RU:  <RFL> <OPT> 
wsj_1935.final.streex##16.a_tree-cs_src-s16-n1398	své	CS:  <RFL> <OPT> 	wsj_1935.final.streex##16.a_tree-en_src-s16-n351	his	EN:  <POS>	wsj_1935.final.streex##16.a_tree-ru_src-s16-n321	свою	RU:  <RFL> <OPT> 
wsj_1935.final.streex##24.a_tree-cs_src-s24-n1494	svůj	CS:  <RFL> 	wsj_1935.final.streex##24.a_tree-en_src-s24-n463	his	EN:  <POS>	wsj_1935.final.streex##24.a_tree-ru_src-s24-n418	свою	RU:  <RFL> 
wsj_1935.final.streex##35.a_tree-cs_src-s35-n1674	své	CS:  <RFL> <OPT> 	wsj_1935.final.streex##35.a_tree-en_src-s35-n647	their	EN:  <POS>	wsj_1935.final.streex##35.a_tree-ru_src-s35-n606	свои	RU:  <RFL> <OPT> 
wsj_1935.final.streex##35.a_tree-cs_src-s35-n1684	jeho	CS:  <POS>  	wsj_1935.final.streex##35.a_tree-en_src-s35-n658	his	EN:  <POS>	wsj_1935.final.streex##35.a_tree-ru_src-s35-n617	его	RU:  <POS> 
wsj_1935.final.streex##37.a_tree-cs_src-s37-n1729	jeho	CS:  <POS>	wsj_1935.final.streex##37.a_tree-en_src-s37-n707	his	EN:  <POS>	wsj_1935.final.streex##37.a_tree-ru_src-s37-n662	его	RU:  <POS> 
wsj_1935.final.streex##42.a_tree-cs_src-s42-n1787	jeho	CS:  <POS> 	wsj_1935.final.streex##42.a_tree-en_src-s42-n763	his	EN:  <POS>	wsj_1935.final.streex##42.a_tree-ru_src-s42-n718	его	RU:  <POS> 
wsj_1935.final.streex##47.a_tree-cs_src-s47-n1839	Jejich	CS:  <POS> 	wsj_1935.final.streex##47.a_tree-en_src-s47-n808	Their	EN:  <POS>	wsj_1935.final.streex##47.a_tree-ru_src-s47-n773	Их	RU:  <POS> <OPT>? <LPM> 
wsj_1935.final.streex##49.a_tree-cs_src-s49-n1887	svá	CS:  <RFL> 	wsj_1935.final.streex##49.a_tree-en_src-s49-n861	their	EN:  <POS>	wsj_1935.final.streex##49.a_tree-ru_src-s49-n818	свои	RU:  <RFL> 
wsj_1935.final.streex##52.a_tree-cs_src-s52-n1924	jeho	CS:  <POS> <OPT> 	wsj_1935.final.streex##52.a_tree-en_src-s52-n901	his	EN:  <POS>	wsj_1935.final.streex##52.a_tree-ru_src-s52-n855	его	RU:  <POS> <OPT> 
wsj_1935.final.streex##53.a_tree-cs_src-s53-n1933	Jeho	CS:  <POS>	wsj_1935.final.streex##53.a_tree-en_src-s53-n910	His	EN:  <POS>	wsj_1935.final.streex##53.a_tree-ru_src-s53-n865	Его	RU:  <POS> 
wsj_1935.final.streex##53.a_tree-cs_src-s53-n1937	jeho	CS:  <POS> 	wsj_1935.final.streex##53.a_tree-en_src-s53-n914	its	EN:  <POS>	wsj_1935.final.streex##53.a_tree-ru_src-s53-n869	его	RU:  <POS> 
wsj_1935.final.streex##57.a_tree-cs_src-s57-n1989	našeho	CS: <POS> 	undef	undef	EN: <POS> 	wsj_1935.final.streex##57.a_tree-ru_src-s57-n923	своего	RU:  <RFL>
wsj_1935.final.streex##57.a_tree-cs_src-s57-n1998	jejich	CS:  <POS> 	wsj_1935.final.streex##57.a_tree-en_src-s57-n977	their	EN:  <POS>	wsj_1935.final.streex##57.a_tree-ru_src-s57-n931	их	RU:  <POS> 
wsj_1935.final.streex##58.a_tree-cs_src-s58-n2038	její	CS:  <POS>	wsj_1935.final.streex##58.a_tree-en_src-s58-n1024	her	EN:  <POS>	wsj_1935.final.streex##58.a_tree-ru_src-s58-n975	своих	RU:  <RFL> 
wsj_1935.final.streex##58.a_tree-cs_src-s58-n2043	ji	CS:  <PER> <NOUN> 	wsj_1935.final.streex##58.a_tree-en_src-s58-n1031	her	EN:  <POS>	wsj_1935.final.streex##58.a_tree-ru_src-s58-n980	её	RU:  <POS> 
wsj_1935.final.streex##59.a_tree-cs_src-s59-n2061	její	CS:  <POS> 	wsj_1935.final.streex##59.a_tree-en_src-s59-n1047	her	EN:  <POS>	wsj_1935.final.streex##59.a_tree-ru_src-s59-n996	её	RU:  <POS> 
wsj_1935.final.streex##8.a_tree-cs_src-s8-n1239	svoji	CS:  <RFL> 	wsj_1935.final.streex##8.a_tree-en_src-s8-n184	her	EN:  <POS>	wsj_1935.final.streex##8.a_tree-ru_src-s8-n172	своей	RU:  <RFL> 
wsj_1936.final.streex##11.a_tree-cs_src-s11-n1731	jejich	CS:  <POS>	wsj_1936.final.streex##11.a_tree-en_src-s11-n225	their	EN:  <POS>	wsj_1936.final.streex##11.a_tree-ru_src-s11-n196	их	RU:  <POS> 
wsj_1936.final.streex##11.a_tree-cs_src-s11-n1742	své	CS:  <RFL> 	wsj_1936.final.streex##11.a_tree-en_src-s11-n237	his	EN:  <POS>	wsj_1936.final.streex##11.a_tree-ru_src-s11-n208	свой	RU:  <RFL> 
wsj_1936.final.streex##24.a_tree-cs_src-s24-n2050	svojí	CS:  <RFL> <LMP> 	wsj_1936.final.streex##24.a_tree-en_src-s24-n589	its	EN:  <POS>	wsj_1936.final.streex##24.a_tree-ru_src-s24-n520	своей	RU:  <RFL> <LPM> 
wsj_1936.final.streex##33.a_tree-cs_src-s33-n2284	tomu	CS: <NOUN><DP> 	wsj_1936.final.streex##33.a_tree-en_src-s33-n834	the	EN: <NOUN><THE> 	wsj_1936.final.streex##33.a_tree-ru_src-s33-n743	его	RU:  <POS>
wsj_1936.final.streex##34.a_tree-cs_src-s34-n2302	jeho	CS:  <POS> 	wsj_1936.final.streex##34.a_tree-en_src-s34-n856	his	EN:  <POS>	wsj_1936.final.streex##34.a_tree-ru_src-s34-n760	его	RU:  <POS> 
wsj_1936.final.streex##42.a_tree-cs_src-s42-n2481	její	CS:  <POS>	wsj_1936.final.streex##42.a_tree-en_src-s42-n1049	her	EN: <PER><NOUN><VAL> 	wsj_1936.final.streex##42.a_tree-ru_src-s42-n950	она	RU: <PER><NOUN><VAL> 
wsj_1936.final.streex##43.a_tree-cs_src-s43-n2521	jeho	CS:  <POS> <LPM> 	wsj_1936.final.streex##43.a_tree-en_src-s43-n1097	its	EN:  <POS>	wsj_1936.final.streex##43.a_tree-ru_src-s43-n987	его	RU:  <POS> <OPT>? <LPM> 
wsj_1936.final.streex##50.a_tree-cs_src-s50-n2721	své	CS:  <RFL> <OPT>? <LPM> but clear from the context	wsj_1936.final.streex##50.a_tree-en_src-s50-n1308	its	EN:  <POS>	wsj_1936.final.streex##50.a_tree-ru_src-s50-n1185	свой	RU:  <RFL> <OPT>? <LPM> but clear from the context
wsj_1936.final.streex##52.a_tree-cs_src-s52-n2767	jeho	CS:  <POS> <OPT> 	wsj_1936.final.streex##52.a_tree-en_src-s52-n1357	His	EN:  <POS>	wsj_1936.final.streex##52.a_tree-ru_src-s52-n1226	Степпенвулф	RU:  <NOUN>  
wsj_1936.final.streex##55.a_tree-cs_src-s55-n2823	svoji	CS:  <RFL>	wsj_1936.final.streex##55.a_tree-en_src-s55-n1422	his	EN:  <POS>	wsj_1936.final.streex##55.a_tree-ru_src-s55-n1279	своим	RU:  <RFL> 
wsj_1937.final.streex##17.a_tree-cs_src-s17-n1435	jeho	CS:  <POS> 	wsj_1937.final.streex##17.a_tree-en_src-s17-n347	his	EN:  <POS>	wsj_1937.final.streex##17.a_tree-ru_src-s17-n337	его	RU:  <POS> 
wsj_1937.final.streex##44.a_tree-cs_src-s44-n1944	jí	CS:  <PER> <NOUN> 	wsj_1937.final.streex##44.a_tree-en_src-s44-n882	its	EN:  <POS>	wsj_1937.final.streex##44.a_tree-ru_src-s44-n832	его	RU:  <POS> 
wsj_1937.final.streex##52.a_tree-cs_src-s52-n2140	její	CS:  <POS> 	wsj_1937.final.streex##52.a_tree-en_src-s52-n1073	its	EN:  <POS>	wsj_1937.final.streex##52.a_tree-ru_src-s52-n1022	её	RU:  <POS>
wsj_1938.final.streex##1.a_tree-cs_src-s1-n224	svou	CS:  <RFL> <OPT> <LPM> but clear from the context 	wsj_1938.final.streex##1.a_tree-en_src-s1-n11	their	EN:  <POS>	wsj_1938.final.streex##1.a_tree-ru_src-s1-n11	свое	RU:  <RFL> <OPT> <LPM> but clear from the context
wsj_1939.final.streex##1.a_tree-cs_src-s1-n1162	jeho	CS:  <POS> 	wsj_1939.final.streex##1.a_tree-en_src-s1-n44	his	EN:  <POS>	wsj_1939.final.streex##1.a_tree-ru_src-s1-n48	его	RU:  <POS> 
wsj_1939.final.streex##23.a_tree-cs_src-s23-n1638	svůj	CS:  <RFL>	undef	undef	EN:  <NUL>Anja_check	undef	undef	RU:  <NUL>Anja_check
wsj_1939.final.streex##23.a_tree-cs_src-s23-n1643	si	CS:  <EXT> <SI> <MISO:ERR>	wsj_1939.final.streex##23.a_tree-en_src-s23-n617	its	EN:  <POS>	wsj_1939.final.streex##23.a_tree-ru_src-s23-n534	него	RU:  <PER> <EXT> <NOUN> 
wsj_1939.final.streex##24.a_tree-cs_src-s24-n1671	jeho	CS:  <POS> <OPT> <LPM> but clear from the context 	wsj_1939.final.streex##24.a_tree-en_src-s24-n642	his	EN:  <POS>	wsj_1939.final.streex##24.a_tree-ru_src-s24-n557	его	RU:  <POS> <OPT> <LPM> but clear from the context
wsj_1939.final.streex##38.a_tree-cs_src-s38-n1982	jeho	CS:  <POS> 	wsj_1939.final.streex##38.a_tree-en_src-s38-n968	his	EN:  <POS>	wsj_1939.final.streex##38.a_tree-ru_src-s38-n879	его	RU:  <POS> 
wsj_1939.final.streex##4.a_tree-cs_src-s4-n1224	jeho	CS:  <POS> 	wsj_1939.final.streex##4.a_tree-en_src-s4-n118	his	EN:  <POS>	wsj_1939.final.streex##4.a_tree-ru_src-s4-n124	его	RU:  <POS> 
wsj_1939.final.streex##4.a_tree-cs_src-s4-n1235	jejich	CS:  <POS>	wsj_1939.final.streex##4.a_tree-en_src-s4-n131	their	EN:  <POS>	wsj_1939.final.streex##4.a_tree-ru_src-s4-n132	своих	RU:  <POS> 
wsj_1943.final.streex##1.a_tree-cs_src-s1-n390	své	CS:  <RFL>	wsj_1943.final.streex##1.a_tree-en_src-s1-n15	's	EN: <NOUN>	undef	undef	RU: <NUL>
wsj_1943.final.streex##5.a_tree-cs_src-s5-n485	její	CS:  <POS> 	wsj_1943.final.streex##5.a_tree-en_src-s5-n125	its	EN:  <POS>	wsj_1943.final.streex##5.a_tree-ru_src-s5-n111	свой	RU:  <RFL> 
wsj_1944.final.streex##13.a_tree-cs_src-s13-n989	svých	CS:  <RFL> 	wsj_1944.final.streex##13.a_tree-en_src-s13-n285	their	EN:  <POS>	wsj_1944.final.streex##13.a_tree-ru_src-s13-n262	своих	RU:  <RFL> 
wsj_1944.final.streex##17.a_tree-cs_src-s17-n1078	svého	CS:  <RFL> 	wsj_1944.final.streex##17.a_tree-en_src-s17-n395	his	EN:  <POS>	wsj_1944.final.streex##17.a_tree-ru_src-s17-n370	своей	RU:  <RFL> 
wsj_1944.final.streex##18.a_tree-cs_src-s18-n1085	svůj	CS:  <RFL>	wsj_1944.final.streex##18.a_tree-en_src-s18-n417	the	EN: <THE>	undef	undef	RU: <NUL>
wsj_1944.final.streex##1.a_tree-cs_src-s1-n727	své	CS:  <RFL> <OPT> 	wsj_1944.final.streex##1.a_tree-en_src-s1-n9	his	EN:  <POS>	wsj_1944.final.streex##1.a_tree-ru_src-s1-n9	свои	RU:  <RFL> <OPT>  
wsj_1944.final.streex##1.a_tree-cs_src-s1-n730	svým	CS:  <RFL> 	wsj_1944.final.streex##1.a_tree-en_src-s1-n12	his	EN:  <POS>	wsj_1944.final.streex##1.a_tree-ru_src-s1-n15	его	RU:  <RFL>
wsj_1944.final.streex##1.a_tree-cs_src-s1-n741	svých	CS:  <RFL> 	wsj_1944.final.streex##1.a_tree-en_src-s1-n23	his	EN:  <POS>	wsj_1944.final.streex##1.a_tree-ru_src-s1-n26	своих	RU:  <RFL> 
wsj_1944.final.streex##24.a_tree-cs_src-s24-n1153	své	CS:  <RFL> 	wsj_1944.final.streex##24.a_tree-en_src-s24-n487	their	EN:  <POS>	wsj_1944.final.streex##24.a_tree-ru_src-s24-n463	свою	RU:  <RFL> 
wsj_1944.final.streex##2.a_tree-cs_src-s2-n769	jeho	CS:  <POS> 	wsj_1944.final.streex##2.a_tree-en_src-s2-n44	his	EN:  <POS>	wsj_1944.final.streex##2.a_tree-ru_src-s2-n46	его	RU:  <POS> 
wsj_1944.final.streex##33.a_tree-cs_src-s33-n1323	jejich	CS:  <POS> 	wsj_1944.final.streex##33.a_tree-en_src-s33-n682	their	EN:  <POS>	wsj_1944.final.streex##33.a_tree-ru_src-s33-n656	их	RU:  <POS>
wsj_1944.final.streex##5.a_tree-cs_src-s5-n829	svého	CS:  <RFL> 	wsj_1944.final.streex##5.a_tree-en_src-s5-n122	his	EN:  <POS>	wsj_1944.final.streex##5.a_tree-ru_src-s5-n115	своего	RU:  <RFL> <OPT>? <LPM>
wsj_1944.final.streex##6.a_tree-cs_src-s6-n856	jejich	CS:  <POS> 	wsj_1944.final.streex##6.a_tree-en_src-s6-n149	their	EN:  <POS>	wsj_1944.final.streex##6.a_tree-ru_src-s6-n142	их	RU:  <POS> 
wsj_1946.final.streex##13.a_tree-cs_src-s13-n1329	jejich	CS:  <POS> 	wsj_1946.final.streex##13.a_tree-en_src-s13-n283	their	EN:  <POS>	wsj_1946.final.streex##13.a_tree-ru_src-s13-n282	их	RU:  <POS> 
wsj_1946.final.streex##32.a_tree-cs_src-s32-n1721	svém	CS:  <RFL> <OPT> 	wsj_1946.final.streex##32.a_tree-en_src-s32-n735	his	EN:  <POS>	wsj_1946.final.streex##32.a_tree-ru_src-s32-n691	своём	RU:  <RFL> <OPT> 
wsj_1946.final.streex##38.a_tree-cs_src-s38-n1844	jejich	CS:  <POS> 	wsj_1946.final.streex##38.a_tree-en_src-s38-n866	their	EN:  <POS>	wsj_1946.final.streex##38.a_tree-ru_src-s38-n818	их	RU:  <POS> 
wsj_1946.final.streex##3.a_tree-cs_src-s3-n1127	si	CS:  <EXT> <SI> 	wsj_1946.final.streex##3.a_tree-en_src-s3-n75	their	EN:  <POS>	wsj_1946.final.streex##3.a_tree-ru_src-s3-n78	своём	RU:  <RFL> <OPT>
wsj_1946.final.streex##3.a_tree-cs_src-s3-n1127	si	CS: <SI> 	wsj_1946.final.streex##3.a_tree-en_src-s3-n75	their	EN: <POS> 	wsj_1946.final.streex##3.a_tree-ru_src-s3-n78	своём	RU:  <RFL>
wsj_1947.final.streex##16.a_tree-cs_src-s16-n710	své	CS:  <RFL> 	wsj_1947.final.streex##16.a_tree-en_src-s16-n297	their	EN:  <POS>	undef	undef	RU:  <RFL> 
wsj_1947.final.streex##16.a_tree-cs_src-s16-n710	své	CS:  <RFL> 	wsj_1947.final.streex##16.a_tree-en_src-s16-n297	their	EN:  <POS>	wsj_1947.final.streex##16.a_tree-ru_src-s16-n271	их	RU:  <RFL> 
wsj_1947.final.streex##16.a_tree-cs_src-s16-n710	své	CS: <RFL> 	wsj_1947.final.streex##16.a_tree-en_src-s16-n298	precious	EN: <POS> 	wsj_1947.final.streex##16.a_tree-ru_src-s16-n271	их	RU:  <POS>
wsj_1947.final.streex##17.a_tree-cs_src-s17-n738	její	CS:  <POS> 	wsj_1947.final.streex##17.a_tree-en_src-s17-n327	its	EN:  <POS>	undef	undef	RU:  <POS> 
wsj_1947.final.streex##17.a_tree-cs_src-s17-n738	její	CS:  <POS> 	wsj_1947.final.streex##17.a_tree-en_src-s17-n327	its	EN:  <POS>	wsj_1947.final.streex##17.a_tree-ru_src-s17-n294	её	RU:  <POS> 
wsj_1947.final.streex##17.a_tree-cs_src-s17-n738	její	CS: <POS> 	wsj_1947.final.streex##17.a_tree-en_src-s17-n328	source	EN: <POS> 	wsj_1947.final.streex##17.a_tree-ru_src-s17-n294	её	RU:  <POS>
wsj_1948.final.streex##12.a_tree-cs_src-s12-n747	svého	CS:  <RFL> 	wsj_1948.final.streex##12.a_tree-en_src-s12-n317	its	EN:  <POS>	wsj_1948.final.streex##12.a_tree-ru_src-s12-n319	его	RU:  <POS> 
wsj_1948.final.streex##6.a_tree-cs_src-s6-n605	její	CS:  <POS>	wsj_1948.final.streex##6.a_tree-en_src-s6-n146	Stearns	EN: <NOUN>	undef	undef	RU: <NOUN>
wsj_1949.final.streex##10.a_tree-cs_src-s10-n615	Jeho	CS:  <POS>	wsj_1949.final.streex##10.a_tree-en_src-s10-n243	His	EN:  <POS>	wsj_1949.final.streex##10.a_tree-ru_src-s10-n231	Его	RU:  <POS> 
wsj_1949.final.streex##13.a_tree-cs_src-s13-n696	jejich	CS:  <POS>	wsj_1949.final.streex##13.a_tree-en_src-s13-n334	the	EN: <THE> 	wsj_1949.final.streex##13.a_tree-ru_src-s13-n326	они	RU: <NUL>
wsj_1949.final.streex##14.a_tree-cs_src-s14-n731	její	CS:  <POS> 	wsj_1949.final.streex##14.a_tree-en_src-s14-n366	its	EN:  <POS>	wsj_1949.final.streex##14.a_tree-ru_src-s14-n352	его	RU:  <POS> 
wsj_1949.final.streex##14.a_tree-cs_src-s14-n751	jejího	CS:  <POS> 	wsj_1949.final.streex##14.a_tree-en_src-s14-n387	its	EN:  <POS>	wsj_1949.final.streex##14.a_tree-ru_src-s14-n373	его	RU:  <POS> <PER>? 
wsj_1949.final.streex##4.a_tree-cs_src-s4-n465	své	CS:  <RFL> 	wsj_1949.final.streex##4.a_tree-en_src-s4-n82	its	EN:  <POS>	wsj_1949.final.streex##4.a_tree-ru_src-s4-n73	свои	RU:  <RFL> 
wsj_1949.final.streex##5.a_tree-cs_src-s5-n477	jeho	CS:  <POS> 	wsj_1949.final.streex##5.a_tree-en_src-s5-n95	his	EN:  <POS>	wsj_1949.final.streex##5.a_tree-ru_src-s5-n87	его	RU:  <POS> <VAL> 
